material,formulation,preconditioner,iteration,residual
si,pmchwt,none,0,1.000000e+00
si,pmchwt,none,10,1.358578e-01
si,pmchwt,none,20,8.827464e-02
si,pmchwt,none,30,6.535972e-02
si,pmchwt,none,40,5.256700e-02
si,pmchwt,none,50,4.108165e-02
si,pmchwt,none,60,3.221022e-02
si,pmchwt,none,70,2.546579e-02
si,pmchwt,none,80,1.998344e-02
si,pmchwt,none,90,1.654702e-02
si,pmchwt,none,100,1.367349e-02
si,pmchwt,none,110,1.150878e-02
si,pmchwt,none,120,9.816233e-03
si,pmchwt,none,130,8.435157e-03
si,pmchwt,none,140,7.282429e-03
si,pmchwt,none,150,6.237946e-03
si,pmchwt,none,160,5.357984e-03
si,pmchwt,none,170,4.647748e-03
si,pmchwt,none,180,4.076691e-03
si,pmchwt,none,190,3.577340e-03
si,pmchwt,none,200,3.121018e-03
si,pmchwt,none,210,2.705112e-03
si,pmchwt,none,220,2.368699e-03
si,pmchwt,none,230,2.086534e-03
si,pmchwt,none,240,1.851242e-03
si,pmchwt,none,250,1.660217e-03
si,pmchwt,none,260,1.501601e-03
si,pmchwt,none,270,1.368953e-03
si,pmchwt,none,280,1.259877e-03
si,pmchwt,none,290,1.170406e-03
si,pmchwt,none,300,1.094666e-03
si,pmchwt,none,310,1.028957e-03
si,pmchwt,none,315,9.992109e-04
si,pmchwt,jacobi,0,1.000000e+00
si,pmchwt,jacobi,10,6.521677e-02
si,pmchwt,jacobi,20,3.733700e-02
si,pmchwt,jacobi,30,2.273646e-02
si,pmchwt,jacobi,40,1.803808e-02
si,pmchwt,jacobi,50,1.425246e-02
si,pmchwt,jacobi,60,1.149564e-02
si,pmchwt,jacobi,70,9.574754e-03
si,pmchwt,jacobi,80,7.978573e-03
si,pmchwt,jacobi,90,6.838323e-03
si,pmchwt,jacobi,100,5.785122e-03
si,pmchwt,jacobi,110,4.963173e-03
si,pmchwt,jacobi,120,4.357334e-03
si,pmchwt,jacobi,130,3.806689e-03
si,pmchwt,jacobi,140,3.293958e-03
si,pmchwt,jacobi,150,2.819837e-03
si,pmchwt,jacobi,160,2.473852e-03
si,pmchwt,jacobi,170,2.203130e-03
si,pmchwt,jacobi,180,1.985591e-03
si,pmchwt,jacobi,190,1.808873e-03
si,pmchwt,jacobi,200,1.642492e-03
si,pmchwt,jacobi,210,1.500510e-03
si,pmchwt,jacobi,220,1.390161e-03
si,pmchwt,jacobi,230,1.297429e-03
si,pmchwt,jacobi,240,1.200557e-03
si,pmchwt,jacobi,250,1.125254e-03
si,pmchwt,jacobi,260,1.065465e-03
si,pmchwt,jacobi,270,1.006527e-03
si,pmchwt,jacobi,272,9.993309e-04
si,ictf,none,0,1.000000e+00
si,ictf,none,10,8.424410e-02
si,ictf,none,20,4.181820e-02
si,ictf,none,30,3.342267e-02
si,ictf,none,40,2.630410e-02
si,ictf,none,50,2.113392e-02
si,ictf,none,60,1.654205e-02
si,ictf,none,70,1.163710e-02
si,ictf,none,80,8.921990e-03
si,ictf,none,90,6.927714e-03
si,ictf,none,100,5.457705e-03
si,ictf,none,110,4.401394e-03
si,ictf,none,120,3.674357e-03
si,ictf,none,130,3.137908e-03
si,ictf,none,140,2.687046e-03
si,ictf,none,150,2.324847e-03
si,ictf,none,160,2.013145e-03
si,ictf,none,170,1.734962e-03
si,ictf,none,180,1.526200e-03
si,ictf,none,190,1.362058e-03
si,ictf,none,200,1.221199e-03
si,ictf,none,210,1.093089e-03
si,ictf,none,219,9.973003e-04
si,ictf,jacobi,0,1.000000e+00
si,ictf,jacobi,10,6.521677e-02
si,ictf,jacobi,20,3.733700e-02
si,ictf,jacobi,30,2.273646e-02
si,ictf,jacobi,40,1.803808e-02
si,ictf,jacobi,50,1.425246e-02
si,ictf,jacobi,60,1.149564e-02
si,ictf,jacobi,70,9.574754e-03
si,ictf,jacobi,80,7.978573e-03
si,ictf,jacobi,90,6.838323e-03
si,ictf,jacobi,100,5.785122e-03
si,ictf,jacobi,110,4.963173e-03
si,ictf,jacobi,120,4.357334e-03
si,ictf,jacobi,130,3.806689e-03
si,ictf,jacobi,140,3.293958e-03
si,ictf,jacobi,150,2.819837e-03
si,ictf,jacobi,160,2.473852e-03
si,ictf,jacobi,170,2.203130e-03
si,ictf,jacobi,180,1.985591e-03
si,ictf,jacobi,190,1.808873e-03
si,ictf,jacobi,200,1.642492e-03
si,ictf,jacobi,210,1.500510e-03
si,ictf,jacobi,220,1.390161e-03
si,ictf,jacobi,230,1.297429e-03
si,ictf,jacobi,240,1.200557e-03
si,ictf,jacobi,250,1.125254e-03
si,ictf,jacobi,260,1.065465e-03
si,ictf,jacobi,270,1.006527e-03
si,ictf,jacobi,272,9.993309e-04
si,mctf,none,0,1.000000e+00
si,mctf,none,10,1.084353e-01
si,mctf,none,20,5.151727e-02
si,mctf,none,30,4.170282e-02
si,mctf,none,40,3.354852e-02
si,mctf,none,50,2.930889e-02
si,mctf,none,60,2.554214e-02
si,mctf,none,70,2.064728e-02
si,mctf,none,80,1.574779e-02
si,mctf,none,90,1.289066e-02
si,mctf,none,100,1.051278e-02
si,mctf,none,110,8.669091e-03
si,mctf,none,120,7.176158e-03
si,mctf,none,130,5.759662e-03
si,mctf,none,140,4.588076e-03
si,mctf,none,150,3.667955e-03
si,mctf,none,160,3.067711e-03
si,mctf,none,170,2.618781e-03
si,mctf,none,180,2.252857e-03
si,mctf,none,190,2.009366e-03
si,mctf,none,200,1.796440e-03
si,mctf,none,210,1.601042e-03
si,mctf,none,220,1.422251e-03
si,mctf,none,230,1.268856e-03
si,mctf,none,240,1.142744e-03
si,mctf,none,250,1.035363e-03
si,mctf,none,254,9.909183e-04
si,mctf,jacobi,0,1.000000e+00
si,mctf,jacobi,10,6.521677e-02
si,mctf,jacobi,20,3.733700e-02
si,mctf,jacobi,30,2.273646e-02
si,mctf,jacobi,40,1.803808e-02
si,mctf,jacobi,50,1.425246e-02
si,mctf,jacobi,60,1.149564e-02
si,mctf,jacobi,70,9.574754e-03
si,mctf,jacobi,80,7.978573e-03
si,mctf,jacobi,90,6.838323e-03
si,mctf,jacobi,100,5.785122e-03
si,mctf,jacobi,110,4.963173e-03
si,mctf,jacobi,120,4.357334e-03
si,mctf,jacobi,130,3.806689e-03
si,mctf,jacobi,140,3.293958e-03
si,mctf,jacobi,150,2.819837e-03
si,mctf,jacobi,160,2.473852e-03
si,mctf,jacobi,170,2.203130e-03
si,mctf,jacobi,180,1.985591e-03
si,mctf,jacobi,190,1.808873e-03
si,mctf,jacobi,200,1.642492e-03
si,mctf,jacobi,210,1.500510e-03
si,mctf,jacobi,220,1.390161e-03
si,mctf,jacobi,230,1.297429e-03
si,mctf,jacobi,240,1.200557e-03
si,mctf,jacobi,250,1.125254e-03
si,mctf,jacobi,260,1.065465e-03
si,mctf,jacobi,270,1.006527e-03
si,mctf,jacobi,272,9.993309e-04
ag,pmchwt,none,0,1.000000e+00
ag,pmchwt,none,10,1.188707e-01
ag,pmchwt,none,20,9.013513e-02
ag,pmchwt,none,30,7.348049e-02
ag,pmchwt,none,40,5.812049e-02
ag,pmchwt,none,50,4.829741e-02
ag,pmchwt,none,60,3.866595e-02
ag,pmchwt,none,70,3.098697e-02
ag,pmchwt,none,80,2.619941e-02
ag,pmchwt,none,90,2.214037e-02
ag,pmchwt,none,100,1.902917e-02
ag,pmchwt,none,110,1.680459e-02
ag,pmchwt,none,120,1.509337e-02
ag,pmchwt,none,130,1.360828e-02
ag,pmchwt,none,140,1.238418e-02
ag,pmchwt,none,150,1.130180e-02
ag,pmchwt,none,160,1.039079e-02
ag,pmchwt,none,170,9.611265e-03
ag,pmchwt,none,180,8.901149e-03
ag,pmchwt,none,190,8.260350e-03
ag,pmchwt,none,200,7.687892e-03
ag,pmchwt,none,210,7.184092e-03
ag,pmchwt,none,220,6.721042e-03
ag,pmchwt,none,230,6.308587e-03
ag,pmchwt,none,240,5.930615e-03
ag,pmchwt,none,250,5.590837e-03
ag,pmchwt,none,260,5.272423e-03
ag,pmchwt,none,270,4.967576e-03
ag,pmchwt,none,280,4.697086e-03
ag,pmchwt,none,290,4.438075e-03
ag,pmchwt,none,300,4.193442e-03
ag,pmchwt,none,310,3.969843e-03
ag,pmchwt,none,320,3.758132e-03
ag,pmchwt,none,330,3.562998e-03
ag,pmchwt,none,340,3.377796e-03
ag,pmchwt,none,350,3.196576e-03
ag,pmchwt,none,360,3.031234e-03
ag,pmchwt,none,370,2.877987e-03
ag,pmchwt,none,380,2.736743e-03
ag,pmchwt,none,390,2.603355e-03
ag,pmchwt,none,400,2.481335e-03
ag,pmchwt,none,410,2.365781e-03
ag,pmchwt,none,420,2.259060e-03
ag,pmchwt,none,430,2.161641e-03
ag,pmchwt,none,440,2.070916e-03
ag,pmchwt,none,450,1.987819e-03
ag,pmchwt,none,460,1.911539e-03
ag,pmchwt,none,470,1.839120e-03
ag,pmchwt,none,480,1.772695e-03
ag,pmchwt,none,490,1.714959e-03
ag,pmchwt,none,500,1.660698e-03
ag,pmchwt,none,510,1.608152e-03
ag,pmchwt,none,520,1.561023e-03
ag,pmchwt,none,530,1.517907e-03
ag,pmchwt,none,540,1.478510e-03
ag,pmchwt,none,550,1.441662e-03
ag,pmchwt,none,560,1.407280e-03
ag,pmchwt,none,570,1.374979e-03
ag,pmchwt,none,580,1.346204e-03
ag,pmchwt,none,590,1.317520e-03
ag,pmchwt,none,600,1.290363e-03
ag,pmchwt,none,610,1.265610e-03
ag,pmchwt,none,620,1.242618e-03
ag,pmchwt,none,630,1.220689e-03
ag,pmchwt,none,640,1.200335e-03
ag,pmchwt,none,650,1.181583e-03
ag,pmchwt,none,660,1.164107e-03
ag,pmchwt,none,670,1.148064e-03
ag,pmchwt,none,680,1.133713e-03
ag,pmchwt,none,690,1.120945e-03
ag,pmchwt,none,700,1.109319e-03
ag,pmchwt,none,710,1.098947e-03
ag,pmchwt,none,720,1.089353e-03
ag,pmchwt,none,730,1.080567e-03
ag,pmchwt,none,740,1.072262e-03
ag,pmchwt,none,750,1.064533e-03
ag,pmchwt,none,760,1.057521e-03
ag,pmchwt,none,770,1.051086e-03
ag,pmchwt,none,780,1.045150e-03
ag,pmchwt,none,790,1.039352e-03
ag,pmchwt,none,800,1.034167e-03
ag,pmchwt,none,810,1.029151e-03
ag,pmchwt,none,820,1.024385e-03
ag,pmchwt,none,830,1.019954e-03
ag,pmchwt,none,840,1.015789e-03
ag,pmchwt,none,850,1.011991e-03
ag,pmchwt,none,860,1.008416e-03
ag,pmchwt,none,870,1.004930e-03
ag,pmchwt,none,880,1.001709e-03
ag,pmchwt,none,886,9.999402e-04
ag,pmchwt,jacobi,0,1.000000e+00
ag,pmchwt,jacobi,10,2.262092e-01
ag,pmchwt,jacobi,20,1.712146e-01
ag,pmchwt,jacobi,30,1.544534e-01
ag,pmchwt,jacobi,40,1.387790e-01
ag,pmchwt,jacobi,50,1.289536e-01
ag,pmchwt,jacobi,60,1.161072e-01
ag,pmchwt,jacobi,70,1.116350e-01
ag,pmchwt,jacobi,80,1.034628e-01
ag,pmchwt,jacobi,90,9.934499e-02
ag,pmchwt,jacobi,100,9.365990e-02
ag,pmchwt,jacobi,110,9.025723e-02
ag,pmchwt,jacobi,120,8.715564e-02
ag,pmchwt,jacobi,130,8.253802e-02
ag,pmchwt,jacobi,140,8.047042e-02
ag,pmchwt,jacobi,150,7.721274e-02
ag,pmchwt,jacobi,160,7.466774e-02
ag,pmchwt,jacobi,170,7.092166e-02
ag,pmchwt,jacobi,180,6.804901e-02
ag,pmchwt,jacobi,190,6.565814e-02
ag,pmchwt,jacobi,200,6.206596e-02
ag,pmchwt,jacobi,210,5.867530e-02
ag,pmchwt,jacobi,220,5.576240e-02
ag,pmchwt,jacobi,230,5.311254e-02
ag,pmchwt,jacobi,240,5.150099e-02
ag,pmchwt,jacobi,250,4.984216e-02
ag,pmchwt,jacobi,260,4.784401e-02
ag,pmchwt,jacobi,270,4.615569e-02
ag,pmchwt,jacobi,280,4.451633e-02
ag,pmchwt,jacobi,290,4.260566e-02
ag,pmchwt,jacobi,300,4.152125e-02
ag,pmchwt,jacobi,310,4.007808e-02
ag,pmchwt,jacobi,320,3.889442e-02
ag,pmchwt,jacobi,330,3.751666e-02
ag,pmchwt,jacobi,340,3.606480e-02
ag,pmchwt,jacobi,350,3.500925e-02
ag,pmchwt,jacobi,360,3.350987e-02
ag,pmchwt,jacobi,370,3.224554e-02
ag,pmchwt,jacobi,380,3.074302e-02
ag,pmchwt,jacobi,390,2.988612e-02
ag,pmchwt,jacobi,400,2.886844e-02
ag,pmchwt,jacobi,410,2.828360e-02
ag,pmchwt,jacobi,420,2.711864e-02
ag,pmchwt,jacobi,430,2.624656e-02
ag,pmchwt,jacobi,440,2.536208e-02
ag,pmchwt,jacobi,450,2.419009e-02
ag,pmchwt,jacobi,460,2.331625e-02
ag,pmchwt,jacobi,470,2.221962e-02
ag,pmchwt,jacobi,480,2.148359e-02
ag,pmchwt,jacobi,490,2.075092e-02
ag,pmchwt,jacobi,500,1.967860e-02
ag,pmchwt,jacobi,510,1.876818e-02
ag,pmchwt,jacobi,520,1.821147e-02
ag,pmchwt,jacobi,530,1.773503e-02
ag,pmchwt,jacobi,540,1.732713e-02
ag,pmchwt,jacobi,550,1.659636e-02
ag,pmchwt,jacobi,560,1.611227e-02
ag,pmchwt,jacobi,570,1.554722e-02
ag,pmchwt,jacobi,580,1.500547e-02
ag,pmchwt,jacobi,590,1.403587e-02
ag,pmchwt,jacobi,600,1.363636e-02
ag,pmchwt,jacobi,610,1.300232e-02
ag,pmchwt,jacobi,620,1.202633e-02
ag,pmchwt,jacobi,630,1.173585e-02
ag,pmchwt,jacobi,640,1.089462e-02
ag,pmchwt,jacobi,650,1.043079e-02
ag,pmchwt,jacobi,660,9.603132e-03
ag,pmchwt,jacobi,670,8.805441e-03
ag,pmchwt,jacobi,680,8.214742e-03
ag,pmchwt,jacobi,690,7.381702e-03
ag,pmchwt,jacobi,700,6.805742e-03
ag,pmchwt,jacobi,710,6.550687e-03
ag,pmchwt,jacobi,720,6.229881e-03
ag,pmchwt,jacobi,730,5.805069e-03
ag,pmchwt,jacobi,740,5.457050e-03
ag,pmchwt,jacobi,750,5.251767e-03
ag,pmchwt,jacobi,760,4.977229e-03
ag,pmchwt,jacobi,770,4.615867e-03
ag,pmchwt,jacobi,780,4.291115e-03
ag,pmchwt,jacobi,790,3.988525e-03
ag,pmchwt,jacobi,800,3.738018e-03
ag,pmchwt,jacobi,810,3.500099e-03
ag,pmchwt,jacobi,820,3.300002e-03
ag,pmchwt,jacobi,830,3.098036e-03
ag,pmchwt,jacobi,840,2.858010e-03
ag,pmchwt,jacobi,850,2.614380e-03
ag,pmchwt,jacobi,860,2.373980e-03
ag,pmchwt,jacobi,870,2.161370e-03
ag,pmchwt,jacobi,880,1.965960e-03
ag,pmchwt,jacobi,890,1.810876e-03
ag,pmchwt,jacobi,900,1.709510e-03
ag,pmchwt,jacobi,910,1.637772e-03
ag,pmchwt,jacobi,920,1.571038e-03
ag,pmchwt,jacobi,930,1.518090e-03
ag,pmchwt,jacobi,940,1.458581e-03
ag,pmchwt,jacobi,950,1.398068e-03
ag,pmchwt,jacobi,960,1.348919e-03
ag,pmchwt,jacobi,970,1.303931e-03
ag,pmchwt,jacobi,980,1.273586e-03
ag,pmchwt,jacobi,990,1.251263e-03
ag,pmchwt,jacobi,1000,1.220841e-03
ag,pmchwt,jacobi,1010,1.197846e-03
ag,pmchwt,jacobi,1020,1.162833e-03
ag,pmchwt,jacobi,1030,1.137965e-03
ag,pmchwt,jacobi,1040,1.107846e-03
ag,pmchwt,jacobi,1050,1.070289e-03
ag,pmchwt,jacobi,1060,1.031506e-03
ag,pmchwt,jacobi,1069,9.950201e-04
ag,ictf,none,0,1.000000e+00
ag,ictf,none,10,1.135970e-01
ag,ictf,none,20,7.805203e-02
ag,ictf,none,30,5.996759e-02
ag,ictf,none,40,5.171371e-02
ag,ictf,none,50,4.448111e-02
ag,ictf,none,60,3.842874e-02
ag,ictf,none,70,3.415856e-02
ag,ictf,none,80,3.063516e-02
ag,ictf,none,90,2.736282e-02
ag,ictf,none,100,2.438482e-02
ag,ictf,none,110,2.140763e-02
ag,ictf,none,120,1.879044e-02
ag,ictf,none,130,1.681525e-02
ag,ictf,none,140,1.493702e-02
ag,ictf,none,150,1.341941e-02
ag,ictf,none,160,1.222060e-02
ag,ictf,none,170,1.088640e-02
ag,ictf,none,180,9.712955e-03
ag,ictf,none,190,8.584657e-03
ag,ictf,none,200,7.673613e-03
ag,ictf,none,210,6.924935e-03
ag,ictf,none,220,6.284250e-03
ag,ictf,none,230,5.833704e-03
ag,ictf,none,240,5.351622e-03
ag,ictf,none,250,5.017512e-03
ag,ictf,none,260,4.751783e-03
ag,ictf,none,270,4.428492e-03
ag,ictf,none,280,4.120980e-03
ag,ictf,none,290,3.883482e-03
ag,ictf,none,300,3.644818e-03
ag,ictf,none,310,3.412458e-03
ag,ictf,none,320,3.216979e-03
ag,ictf,none,330,3.024031e-03
ag,ictf,none,340,2.846006e-03
ag,ictf,none,350,2.693263e-03
ag,ictf,none,360,2.520240e-03
ag,ictf,none,370,2.400402e-03
ag,ictf,none,380,2.319970e-03
ag,ictf,none,390,2.253129e-03
ag,ictf,none,400,2.166139e-03
ag,ictf,none,410,2.045677e-03
ag,ictf,none,420,1.966311e-03
ag,ictf,none,430,1.910036e-03
ag,ictf,none,440,1.849773e-03
ag,ictf,none,450,1.776920e-03
ag,ictf,none,460,1.699399e-03
ag,ictf,none,470,1.640657e-03
ag,ictf,none,480,1.588104e-03
ag,ictf,none,490,1.537656e-03
ag,ictf,none,500,1.483824e-03
ag,ictf,none,510,1.438125e-03
ag,ictf,none,520,1.398895e-03
ag,ictf,none,530,1.349225e-03
ag,ictf,none,540,1.302787e-03
ag,ictf,none,550,1.259277e-03
ag,ictf,none,560,1.220959e-03
ag,ictf,none,570,1.179760e-03
ag,ictf,none,580,1.135955e-03
ag,ictf,none,590,1.102984e-03
ag,ictf,none,600,1.074194e-03
ag,ictf,none,610,1.049185e-03
ag,ictf,none,620,1.005742e-03
ag,ictf,none,622,9.973320e-04
ag,ictf,jacobi,0,1.000000e+00
ag,ictf,jacobi,10,2.262092e-01
ag,ictf,jacobi,20,1.712146e-01
ag,ictf,jacobi,30,1.544534e-01
ag,ictf,jacobi,40,1.387790e-01
ag,ictf,jacobi,50,1.289536e-01
ag,ictf,jacobi,60,1.161072e-01
ag,ictf,jacobi,70,1.116350e-01
ag,ictf,jacobi,80,1.034628e-01
ag,ictf,jacobi,90,9.934499e-02
ag,ictf,jacobi,100,9.365990e-02
ag,ictf,jacobi,110,9.025723e-02
ag,ictf,jacobi,120,8.715564e-02
ag,ictf,jacobi,130,8.253802e-02
ag,ictf,jacobi,140,8.047042e-02
ag,ictf,jacobi,150,7.721274e-02
ag,ictf,jacobi,160,7.466774e-02
ag,ictf,jacobi,170,7.092166e-02
ag,ictf,jacobi,180,6.804901e-02
ag,ictf,jacobi,190,6.565814e-02
ag,ictf,jacobi,200,6.206596e-02
ag,ictf,jacobi,210,5.867530e-02
ag,ictf,jacobi,220,5.576240e-02
ag,ictf,jacobi,230,5.311254e-02
ag,ictf,jacobi,240,5.150099e-02
ag,ictf,jacobi,250,4.984216e-02
ag,ictf,jacobi,260,4.784401e-02
ag,ictf,jacobi,270,4.615569e-02
ag,ictf,jacobi,280,4.451633e-02
ag,ictf,jacobi,290,4.260566e-02
ag,ictf,jacobi,300,4.152125e-02
ag,ictf,jacobi,310,4.007808e-02
ag,ictf,jacobi,320,3.889442e-02
ag,ictf,jacobi,330,3.751666e-02
ag,ictf,jacobi,340,3.606480e-02
ag,ictf,jacobi,350,3.500925e-02
ag,ictf,jacobi,360,3.350987e-02
ag,ictf,jacobi,370,3.224554e-02
ag,ictf,jacobi,380,3.074302e-02
ag,ictf,jacobi,390,2.988612e-02
ag,ictf,jacobi,400,2.886844e-02
ag,ictf,jacobi,410,2.828360e-02
ag,ictf,jacobi,420,2.711864e-02
ag,ictf,jacobi,430,2.624656e-02
ag,ictf,jacobi,440,2.536208e-02
ag,ictf,jacobi,450,2.419009e-02
ag,ictf,jacobi,460,2.331625e-02
ag,ictf,jacobi,470,2.221962e-02
ag,ictf,jacobi,480,2.148359e-02
ag,ictf,jacobi,490,2.075092e-02
ag,ictf,jacobi,500,1.967860e-02
ag,ictf,jacobi,510,1.876818e-02
ag,ictf,jacobi,520,1.821147e-02
ag,ictf,jacobi,530,1.773503e-02
ag,ictf,jacobi,540,1.732713e-02
ag,ictf,jacobi,550,1.659636e-02
ag,ictf,jacobi,560,1.611227e-02
ag,ictf,jacobi,570,1.554722e-02
ag,ictf,jacobi,580,1.500547e-02
ag,ictf,jacobi,590,1.403587e-02
ag,ictf,jacobi,600,1.363636e-02
ag,ictf,jacobi,610,1.300232e-02
ag,ictf,jacobi,620,1.202633e-02
ag,ictf,jacobi,630,1.173585e-02
ag,ictf,jacobi,640,1.089462e-02
ag,ictf,jacobi,650,1.043079e-02
ag,ictf,jacobi,660,9.603132e-03
ag,ictf,jacobi,670,8.805441e-03
ag,ictf,jacobi,680,8.214742e-03
ag,ictf,jacobi,690,7.381702e-03
ag,ictf,jacobi,700,6.805742e-03
ag,ictf,jacobi,710,6.550687e-03
ag,ictf,jacobi,720,6.229881e-03
ag,ictf,jacobi,730,5.805069e-03
ag,ictf,jacobi,740,5.457050e-03
ag,ictf,jacobi,750,5.251767e-03
ag,ictf,jacobi,760,4.977229e-03
ag,ictf,jacobi,770,4.615867e-03
ag,ictf,jacobi,780,4.291115e-03
ag,ictf,jacobi,790,3.988525e-03
ag,ictf,jacobi,800,3.738018e-03
ag,ictf,jacobi,810,3.500099e-03
ag,ictf,jacobi,820,3.300002e-03
ag,ictf,jacobi,830,3.098036e-03
ag,ictf,jacobi,840,2.858010e-03
ag,ictf,jacobi,850,2.614380e-03
ag,ictf,jacobi,860,2.373980e-03
ag,ictf,jacobi,870,2.161370e-03
ag,ictf,jacobi,880,1.965960e-03
ag,ictf,jacobi,890,1.810876e-03
ag,ictf,jacobi,900,1.709510e-03
ag,ictf,jacobi,910,1.637772e-03
ag,ictf,jacobi,920,1.571038e-03
ag,ictf,jacobi,930,1.518090e-03
ag,ictf,jacobi,940,1.458581e-03
ag,ictf,jacobi,950,1.398068e-03
ag,ictf,jacobi,960,1.348919e-03
ag,ictf,jacobi,970,1.303931e-03
ag,ictf,jacobi,980,1.273586e-03
ag,ictf,jacobi,990,1.251263e-03
ag,ictf,jacobi,1000,1.220841e-03
ag,ictf,jacobi,1010,1.197846e-03
ag,ictf,jacobi,1020,1.162833e-03
ag,ictf,jacobi,1030,1.137965e-03
ag,ictf,jacobi,1040,1.107846e-03
ag,ictf,jacobi,1050,1.070289e-03
ag,ictf,jacobi,1060,1.031506e-03
ag,ictf,jacobi,1069,9.950201e-04
ag,mctf,none,0,1.000000e+00
ag,mctf,none,10,9.638736e-02
ag,mctf,none,20,6.387829e-02
ag,mctf,none,30,4.701500e-02
ag,mctf,none,40,3.704190e-02
ag,mctf,none,50,3.090398e-02
ag,mctf,none,60,2.695150e-02
ag,mctf,none,70,2.435388e-02
ag,mctf,none,80,2.232342e-02
ag,mctf,none,90,2.058955e-02
ag,mctf,none,100,1.825832e-02
ag,mctf,none,110,1.575436e-02
ag,mctf,none,120,1.381522e-02
ag,mctf,none,130,1.259466e-02
ag,mctf,none,140,1.136344e-02
ag,mctf,none,150,1.043713e-02
ag,mctf,none,160,9.765768e-03
ag,mctf,none,170,9.252792e-03
ag,mctf,none,180,8.672169e-03
ag,mctf,none,190,7.881749e-03
ag,mctf,none,200,7.200000e-03
ag,mctf,none,210,6.830872e-03
ag,mctf,none,220,6.340486e-03
ag,mctf,none,230,5.922943e-03
ag,mctf,none,240,5.497202e-03
ag,mctf,none,250,5.071464e-03
ag,mctf,none,260,4.742998e-03
ag,mctf,none,270,4.412739e-03
ag,mctf,none,280,4.221293e-03
ag,mctf,none,290,4.000838e-03
ag,mctf,none,300,3.736431e-03
ag,mctf,none,310,3.479603e-03
ag,mctf,none,320,3.355434e-03
ag,mctf,none,330,3.171017e-03
ag,mctf,none,340,3.028105e-03
ag,mctf,none,350,2.894079e-03
ag,mctf,none,360,2.777425e-03
ag,mctf,none,370,2.664298e-03
ag,mctf,none,380,2.569489e-03
ag,mctf,none,390,2.478038e-03
ag,mctf,none,400,2.356497e-03
ag,mctf,none,410,2.235177e-03
ag,mctf,none,420,2.170697e-03
ag,mctf,none,430,2.114061e-03
ag,mctf,none,440,2.025333e-03
ag,mctf,none,450,1.969601e-03
ag,mctf,none,460,1.899035e-03
ag,mctf,none,470,1.842677e-03
ag,mctf,none,480,1.785035e-03
ag,mctf,none,490,1.722377e-03
ag,mctf,none,500,1.667125e-03
ag,mctf,none,510,1.614840e-03
ag,mctf,none,520,1.574411e-03
ag,mctf,none,530,1.535065e-03
ag,mctf,none,540,1.470296e-03
ag,mctf,none,550,1.421752e-03
ag,mctf,none,560,1.381179e-03
ag,mctf,none,570,1.329005e-03
ag,mctf,none,580,1.275969e-03
ag,mctf,none,590,1.228705e-03
ag,mctf,none,600,1.180523e-03
ag,mctf,none,610,1.141556e-03
ag,mctf,none,620,1.099620e-03
ag,mctf,none,630,1.061175e-03
ag,mctf,none,640,1.026952e-03
ag,mctf,none,650,1.001557e-03
ag,mctf,none,651,9.967358e-04
ag,mctf,jacobi,0,1.000000e+00
ag,mctf,jacobi,10,2.262092e-01
ag,mctf,jacobi,20,1.712146e-01
ag,mctf,jacobi,30,1.544534e-01
ag,mctf,jacobi,40,1.387790e-01
ag,mctf,jacobi,50,1.289536e-01
ag,mctf,jacobi,60,1.161072e-01
ag,mctf,jacobi,70,1.116350e-01
ag,mctf,jacobi,80,1.034628e-01
ag,mctf,jacobi,90,9.934499e-02
ag,mctf,jacobi,100,9.365990e-02
ag,mctf,jacobi,110,9.025723e-02
ag,mctf,jacobi,120,8.715564e-02
ag,mctf,jacobi,130,8.253802e-02
ag,mctf,jacobi,140,8.047042e-02
ag,mctf,jacobi,150,7.721274e-02
ag,mctf,jacobi,160,7.466774e-02
ag,mctf,jacobi,170,7.092166e-02
ag,mctf,jacobi,180,6.804901e-02
ag,mctf,jacobi,190,6.565814e-02
ag,mctf,jacobi,200,6.206596e-02
ag,mctf,jacobi,210,5.867530e-02
ag,mctf,jacobi,220,5.576240e-02
ag,mctf,jacobi,230,5.311254e-02
ag,mctf,jacobi,240,5.150099e-02
ag,mctf,jacobi,250,4.984216e-02
ag,mctf,jacobi,260,4.784401e-02
ag,mctf,jacobi,270,4.615569e-02
ag,mctf,jacobi,280,4.451633e-02
ag,mctf,jacobi,290,4.260566e-02
ag,mctf,jacobi,300,4.152125e-02
ag,mctf,jacobi,310,4.007808e-02
ag,mctf,jacobi,320,3.889442e-02
ag,mctf,jacobi,330,3.751666e-02
ag,mctf,jacobi,340,3.606480e-02
ag,mctf,jacobi,350,3.500925e-02
ag,mctf,jacobi,360,3.350987e-02
ag,mctf,jacobi,370,3.224554e-02
ag,mctf,jacobi,380,3.074302e-02
ag,mctf,jacobi,390,2.988612e-02
ag,mctf,jacobi,400,2.886844e-02
ag,mctf,jacobi,410,2.828360e-02
ag,mctf,jacobi,420,2.711864e-02
ag,mctf,jacobi,430,2.624656e-02
ag,mctf,jacobi,440,2.536208e-02
ag,mctf,jacobi,450,2.419009e-02
ag,mctf,jacobi,460,2.331625e-02
ag,mctf,jacobi,470,2.221962e-02
ag,mctf,jacobi,480,2.148359e-02
ag,mctf,jacobi,490,2.075092e-02
ag,mctf,jacobi,500,1.967860e-02
ag,mctf,jacobi,510,1.876818e-02
ag,mctf,jacobi,520,1.821147e-02
ag,mctf,jacobi,530,1.773503e-02
ag,mctf,jacobi,540,1.732713e-02
ag,mctf,jacobi,550,1.659636e-02
ag,mctf,jacobi,560,1.611227e-02
ag,mctf,jacobi,570,1.554722e-02
ag,mctf,jacobi,580,1.500547e-02
ag,mctf,jacobi,590,1.403587e-02
ag,mctf,jacobi,600,1.363636e-02
ag,mctf,jacobi,610,1.300232e-02
ag,mctf,jacobi,620,1.202633e-02
ag,mctf,jacobi,630,1.173585e-02
ag,mctf,jacobi,640,1.089462e-02
ag,mctf,jacobi,650,1.043079e-02
ag,mctf,jacobi,660,9.603132e-03
ag,mctf,jacobi,670,8.805441e-03
ag,mctf,jacobi,680,8.214742e-03
ag,mctf,jacobi,690,7.381702e-03
ag,mctf,jacobi,700,6.805742e-03
ag,mctf,jacobi,710,6.550687e-03
ag,mctf,jacobi,720,6.229881e-03
ag,mctf,jacobi,730,5.805069e-03
ag,mctf,jacobi,740,5.457050e-03
ag,mctf,jacobi,750,5.251767e-03
ag,mctf,jacobi,760,4.977229e-03
ag,mctf,jacobi,770,4.615867e-03
ag,mctf,jacobi,780,4.291115e-03
ag,mctf,jacobi,790,3.988525e-03
ag,mctf,jacobi,800,3.738018e-03
ag,mctf,jacobi,810,3.500099e-03
ag,mctf,jacobi,820,3.300002e-03
ag,mctf,jacobi,830,3.098036e-03
ag,mctf,jacobi,840,2.858010e-03
ag,mctf,jacobi,850,2.614380e-03
ag,mctf,jacobi,860,2.373980e-03
ag,mctf,jacobi,870,2.161370e-03
ag,mctf,jacobi,880,1.965960e-03
ag,mctf,jacobi,890,1.810876e-03
ag,mctf,jacobi,900,1.709510e-03
ag,mctf,jacobi,910,1.637772e-03
ag,mctf,jacobi,920,1.571038e-03
ag,mctf,jacobi,930,1.518090e-03
ag,mctf,jacobi,940,1.458581e-03
ag,mctf,jacobi,950,1.398068e-03
ag,mctf,jacobi,960,1.348919e-03
ag,mctf,jacobi,970,1.303931e-03
ag,mctf,jacobi,980,1.273586e-03
ag,mctf,jacobi,990,1.251263e-03
ag,mctf,jacobi,1000,1.220841e-03
ag,mctf,jacobi,1010,1.197846e-03
ag,mctf,jacobi,1020,1.162833e-03
ag,mctf,jacobi,1030,1.137965e-03
ag,mctf,jacobi,1040,1.107846e-03
ag,mctf,jacobi,1050,1.070289e-03
ag,mctf,jacobi,1060,1.031506e-03
ag,mctf,jacobi,1069,9.950201e-04
